{
  "Simple FFN": {
    "R2_Y1": 0.7476722736349021,
    "R2_Y2": 0.6716668083348867,
    "R2_Avg": 0.7096695409848943,
    "MSE_Y1": 0.2359648234464711,
    "MSE_Y2": 0.2872405307343426,
    "MAE_Y1": 0.2910623821798691,
    "MAE_Y2": 0.2603913972680261
  },
  "Deep Regularized": {
    "R2_Y1": 0.7539022495923025,
    "R2_Y2": 0.7023330104440539,
    "R2_Avg": 0.7281176300181782,
    "MSE_Y1": 0.230138847847037,
    "MSE_Y2": 0.26041236838873305,
    "MAE_Y1": 0.28549770652024437,
    "MAE_Y2": 0.25316926893554453
  },
  "ResNet-style": {
    "R2_Y1": 0.7586981702481813,
    "R2_Y2": 0.6988677228403308,
    "R2_Avg": 0.7287829465442561,
    "MSE_Y1": 0.22565393218941204,
    "MSE_Y2": 0.26344395665244963,
    "MAE_Y1": 0.2870483248758354,
    "MAE_Y2": 0.25185527522252776
  },
  "Multi-Task": {
    "R2_Y1": 0.7461777494568865,
    "R2_Y2": 0.6984063159868492,
    "R2_Avg": 0.7222920327218678,
    "MSE_Y1": 0.2373624309899705,
    "MSE_Y2": 0.26384761596208683,
    "MAE_Y1": 0.2883631475213093,
    "MAE_Y2": 0.25785106808927805
  },
  "Attention-Enhanced": {
    "R2_Y1": 0.7281961155050267,
    "R2_Y2": 0.6789532607532461,
    "R2_Avg": 0.7035746881291365,
    "MSE_Y1": 0.2541779951844117,
    "MSE_Y2": 0.28086601693875035,
    "MAE_Y1": 0.29366443813773413,
    "MAE_Y2": 0.2637895579402197
  }
}