{
  "Model 1: Wide MLP": {
    "MSE_Y1": 0.20406434581403216,
    "MAE_Y1": 0.28258095511599124,
    "R2_Y1": 0.7759866141764381,
    "Acc_Y1": 29.7375,
    "MSE_Y2": 0.2163653269692998,
    "MAE_Y2": 0.2308914129618816,
    "R2_Y2": 0.7571492707087568,
    "Acc_Y2": 39.85
  },
  "Model 2: Very Deep MLP": {
    "MSE_Y1": 0.19832389464593358,
    "MAE_Y1": 0.2815151568594896,
    "R2_Y1": 0.7822882436805577,
    "Acc_Y1": 29.8375,
    "MSE_Y2": 0.2218427599441433,
    "MAE_Y2": 0.2238532342146184,
    "R2_Y2": 0.751001342058556,
    "Acc_Y2": 42.46875
  },
  "Model 3: BatchNorm Deep MLP": {
    "MSE_Y1": 0.19740583498326572,
    "MAE_Y1": 0.2793548073698565,
    "R2_Y1": 0.7832960515492076,
    "Acc_Y1": 29.975,
    "MSE_Y2": 0.22017775635546433,
    "MAE_Y2": 0.22834952759331703,
    "R2_Y2": 0.7528701596803397,
    "Acc_Y2": 38.6375
  },
  "Model 4: Regularized MLP": {
    "MSE_Y1": 0.22031239054529836,
    "MAE_Y1": 0.2822614265878558,
    "R2_Y1": 0.7581501837174855,
    "Acc_Y1": 29.043750000000003,
    "MSE_Y2": 0.21434646973363805,
    "MAE_Y2": 0.24211484086750298,
    "R2_Y2": 0.7594152574030341,
    "Acc_Y2": 34.1
  },
  "Model 5: Deep ResNet": {
    "MSE_Y1": 0.22226957683636991,
    "MAE_Y1": 0.28036014781502056,
    "R2_Y1": 0.7560016656801898,
    "Acc_Y1": 29.475,
    "MSE_Y2": 0.20175816529433893,
    "MAE_Y2": 0.2500183114449948,
    "R2_Y2": 0.7735445033244832,
    "Acc_Y2": 29.48125
  }
}